Clone86.java,0,"[0.9912177920341492, 0.008782146498560905]",0,"[0.9911791682243347, 0.008820774964988232]",0,"[0.9787381291389465, 0.021261803805828094]",1,"[0.2976124882698059, 0.7023875117301941]",1,"[0.2891356348991394, 0.7108643651008606]",0,"[0.9052889347076416, 0.09471110254526138]",0,"[0.944165050983429, 0.05583498254418373]"
Clone90.java,1,"[0.028947660699486732, 0.9710524082183838]",1,"[0.029458127915859222, 0.9705418944358826]",1,"[0.030043354257941246, 0.969956636428833]",1,"[0.030149975791573524, 0.9698500037193298]",1,"[0.033348195254802704, 0.9666517972946167]",1,"[0.02914639748632908, 0.9708535671234131]",1,"[0.02736157737672329, 0.9726384878158569]"
Clone758.java,1,"[0.05373908951878548, 0.946260929107666]",1,"[0.04106179624795914, 0.9589381814002991]",1,"[0.041718583554029465, 0.9582814574241638]",1,"[0.042078711092472076, 0.9579213261604309]",1,"[0.0318874754011631, 0.9681125283241272]",1,"[0.04210234060883522, 0.9578976631164551]",1,"[0.04335577040910721, 0.9566442966461182]"
Clone867.java,1,"[0.08761898428201675, 0.9123809933662415]",1,"[0.04825737327337265, 0.9517425894737244]",1,"[0.06517915427684784, 0.934820830821991]",1,"[0.03296320140361786, 0.967036783695221]",1,"[0.02604885771870613, 0.9739511609077454]",1,"[0.06904086470603943, 0.9309591054916382]",1,"[0.22497884929180145, 0.7750211358070374]"
Clone888.java,1,"[0.0220600925385952, 0.9779399037361145]",1,"[0.02284952811896801, 0.9771504402160645]",1,"[0.02212044596672058, 0.9778795838356018]",1,"[0.031926680356264114, 0.968073308467865]",1,"[0.02057494781911373, 0.9794250130653381]",1,"[0.1547974795103073, 0.8452025055885315]",1,"[0.16904479265213013, 0.8309552669525146]"
Clone467.java,0,"[0.9820396304130554, 0.01796039752662182]",0,"[0.9493184685707092, 0.050681546330451965]",0,"[0.5135085582733154, 0.48649147152900696]",1,"[0.036996226757764816, 0.9630037546157837]",1,"[0.35195907950401306, 0.6480409502983093]",1,"[0.04210251197218895, 0.9578974843025208]",1,"[0.04273665323853493, 0.9572633504867554]"
Clone934.java,0,"[0.9865618348121643, 0.013438201509416103]",0,"[0.9693654179573059, 0.030634639784693718]",0,"[0.9939525723457336, 0.006047364324331284]",1,"[0.06654959172010422, 0.9334504008293152]",0,"[0.9986932873725891, 0.0013066777028143406]",1,"[0.23820500075817108, 0.7617950439453125]",0,"[0.9848505258560181, 0.015149499289691448]"
Clone349.java,1,"[0.0001577572402311489, 0.9998421669006348]",1,"[0.00031035832944326103, 0.9996896982192993]",1,"[0.0002292477583978325, 0.9997707009315491]",0,"[0.9998772144317627, 0.00012281106319278479]",1,"[5.697014057659544e-05, 0.9999430179595947]",0,"[0.9999901056289673, 9.881130608846433e-06]",0,"[0.9999865293502808, 1.3427284102363046e-05]"
Clone125.java,1,"[0.030299847945570946, 0.9697000980377197]",1,"[0.03339589759707451, 0.9666041135787964]",1,"[0.03454587981104851, 0.9654541611671448]",1,"[0.032343097031116486, 0.9676569104194641]",1,"[0.02835879847407341, 0.9716411828994751]",1,"[0.028188899159431458, 0.971811056137085]",1,"[0.030696438625454903, 0.969303548336029]"
Clone963.java,1,"[0.03810497745871544, 0.9618950486183167]",1,"[0.18778589367866516, 0.8122140765190125]",1,"[0.059593603014945984, 0.940406322479248]",1,"[0.03677480295300484, 0.9632251858711243]",0,"[0.9870124459266663, 0.012987600639462471]",1,"[0.028204932808876038, 0.9717950820922852]",1,"[0.06587421149015427, 0.9341257214546204]"
Clone105.java,1,"[0.037965334951877594, 0.9620347023010254]",1,"[0.03895191103219986, 0.9610480666160583]",1,"[0.048321377485990524, 0.9516785740852356]",1,"[0.030909530818462372, 0.969090461730957]",1,"[0.04041779786348343, 0.9595822095870972]",1,"[0.04610550403594971, 0.9538944363594055]",1,"[0.03875495120882988, 0.961245059967041]"
Clone304.java,0,"[0.9992914199829102, 0.0007085425313562155]",0,"[0.9991515874862671, 0.0008483749115839601]",0,"[0.999157190322876, 0.0008428535657003522]",1,"[0.03750881552696228, 0.9624911546707153]",0,"[0.9992819428443909, 0.0007181143155321479]",0,"[0.9983116388320923, 0.001688400050625205]",0,"[0.9976206421852112, 0.002379404613748193]"
Clone938.java,1,"[0.03424215316772461, 0.9657577872276306]",1,"[0.03718183934688568, 0.9628181457519531]",1,"[0.032250937074422836, 0.9677491188049316]",1,"[0.03303099796175957, 0.9669690132141113]",1,"[0.027856405824422836, 0.9721436500549316]",1,"[0.03076459839940071, 0.969235360622406]",1,"[0.03213893994688988, 0.9678611159324646]"
Clone939.java,0,"[0.6996742486953735, 0.3003257215023041]",1,"[0.48578882217407227, 0.5142111778259277]",1,"[0.19291333854198456, 0.8070865869522095]",1,"[0.36631783843040466, 0.6336822509765625]",1,"[0.1148207038640976, 0.885179340839386]",1,"[0.48403626680374146, 0.5159637331962585]",1,"[0.43098175525665283, 0.5690182447433472]"
Clone610.java,1,"[0.28892552852630615, 0.7110744714736938]",1,"[0.4353061616420746, 0.5646938681602478]",1,"[0.3135565221309662, 0.6864435076713562]",1,"[0.3093871772289276, 0.6906127333641052]",1,"[0.3340698778629303, 0.6659301519393921]",1,"[0.294173926115036, 0.7058259844779968]",1,"[0.18086782097816467, 0.8191321492195129]"
Clone240.java,1,"[0.028185609728097916, 0.9718144536018372]",1,"[0.0279330275952816, 0.9720669388771057]",1,"[0.028564762324094772, 0.9714353084564209]",1,"[0.027504393830895424, 0.9724956154823303]",1,"[0.026475537568330765, 0.9735244512557983]",1,"[0.027581123635172844, 0.9724188446998596]",1,"[0.028217840939760208, 0.9717821478843689]"
Clone779.java,1,"[0.030781041830778122, 0.9692190289497375]",1,"[0.030954696238040924, 0.9690453410148621]",1,"[0.030483543872833252, 0.969516396522522]",1,"[0.03648628666996956, 0.9635137319564819]",1,"[0.02740480937063694, 0.9725951552391052]",1,"[0.029698459431529045, 0.9703015089035034]",1,"[0.03198019415140152, 0.9680197834968567]"
Clone738.java,1,"[0.1948680877685547, 0.8051319122314453]",1,"[0.2216908186674118, 0.7783091068267822]",1,"[0.2961254119873047, 0.7038745880126953]",1,"[0.19222384691238403, 0.8077760934829712]",1,"[0.29504185914993286, 0.7049580812454224]",1,"[0.12773734331130981, 0.872262716293335]",1,"[0.20461587607860565, 0.7953841686248779]"
Clone554.java,1,"[0.055964935570955276, 0.9440351128578186]",1,"[0.04845135658979416, 0.9515486359596252]",1,"[0.051947154104709625, 0.9480528831481934]",1,"[0.0536649264395237, 0.9463350176811218]",1,"[0.0868125855922699, 0.9131873846054077]",1,"[0.038234081119298935, 0.9617659449577332]",1,"[0.042706362903118134, 0.9572936296463013]"
Clone807.java,1,"[0.045489195734262466, 0.9545107483863831]",1,"[0.041872020810842514, 0.9581279754638672]",1,"[0.10681285709142685, 0.8931871056556702]",1,"[0.05165468901395798, 0.9483452439308167]",1,"[0.12671369314193726, 0.873286247253418]",1,"[0.06439652293920517, 0.9356034994125366]",1,"[0.052221085876226425, 0.9477788805961609]"
Clone915.java,1,"[0.18737728893756866, 0.8126226663589478]",1,"[0.2655660808086395, 0.7344340085983276]",1,"[0.1907365620136261, 0.8092634677886963]",0,"[0.9022974371910095, 0.0977025106549263]",1,"[0.030998097732663155, 0.9690019488334656]",1,"[0.03147432580590248, 0.9685256481170654]",1,"[0.09386865794658661, 0.906131386756897]"
Clone13.java,0,"[0.9991053938865662, 0.0008946361485868692]",0,"[0.999138593673706, 0.0008613913087174296]",0,"[0.9991487264633179, 0.0008512126514688134]",0,"[0.9985703229904175, 0.0014296964509412646]",1,"[0.0001093455939553678, 0.9998906850814819]",0,"[0.9699385762214661, 0.030061425641179085]",0,"[0.9987310767173767, 0.0012688918504863977]"
Clone132.java,0,"[0.9995294809341431, 0.000470593135105446]",0,"[0.9977879524230957, 0.0022120566572993994]",0,"[0.9995100498199463, 0.0004900046624243259]",1,"[0.030309224501252174, 0.9696907997131348]",0,"[0.9996082186698914, 0.00039182265754789114]",1,"[0.03342760354280472, 0.9665723443031311]",1,"[0.03336656838655472, 0.9666333794593811]"
Clone29.java,0,"[0.9983223080635071, 0.0016777272103354335]",0,"[0.997689962387085, 0.002310089534148574]",0,"[0.9976252913475037, 0.002374690491706133]",0,"[0.9967799782752991, 0.003220065264031291]",1,"[0.027403591200709343, 0.9725964069366455]",0,"[0.9977608919143677, 0.0022390338126569986]",0,"[0.9973859190940857, 0.002614072058349848]"
Clone558.java,0,"[0.9997653365135193, 0.00023468362633138895]",0,"[0.9996799230575562, 0.0003201450454071164]",0,"[0.9997397065162659, 0.0002602742752060294]",1,"[0.04582228511571884, 0.954177737236023]",0,"[0.999704897403717, 0.00029513181652873755]",0,"[0.596657931804657, 0.40334203839302063]",0,"[0.9997872710227966, 0.00021277391351759434]"
Clone671.java,1,"[0.04265892133116722, 0.9573410153388977]",1,"[0.038386255502700806, 0.9616137742996216]",1,"[0.03675130754709244, 0.9632486701011658]",1,"[0.03966613486409187, 0.9603339433670044]",1,"[0.04554832726716995, 0.9544516801834106]",1,"[0.04238913580775261, 0.9576108455657959]",1,"[0.04329853132367134, 0.9567014575004578]"
Clone364.java,1,"[0.031497299671173096, 0.9685027599334717]",1,"[0.031353842467069626, 0.9686461091041565]",1,"[0.029653603211045265, 0.9703464508056641]",1,"[0.030591636896133423, 0.969408392906189]",1,"[0.028026089072227478, 0.9719738960266113]",1,"[0.030430009588599205, 0.969569981098175]",1,"[0.029194621369242668, 0.9708054065704346]"
Clone87.java,1,"[0.103155218064785, 0.896844744682312]",1,"[0.04085663706064224, 0.959143340587616]",1,"[0.0547555610537529, 0.9452444911003113]",1,"[0.036851171404123306, 0.9631487727165222]",1,"[0.04137953743338585, 0.9586204886436462]",1,"[0.04098750650882721, 0.959012508392334]",1,"[0.06887657195329666, 0.9311233758926392]"
Clone400.java,0,"[0.9608356356620789, 0.039164330810308456]",1,"[0.04883057624101639, 0.951169490814209]",0,"[0.8743323087692261, 0.12566766142845154]",0,"[0.8892185091972351, 0.11078152060508728]",1,"[0.05489896610379219, 0.9451010227203369]",1,"[0.0787762999534607, 0.9212237000465393]",1,"[0.03649841248989105, 0.9635015726089478]"
Clone457.java,1,"[0.05504453927278519, 0.9449554681777954]",1,"[0.06388157606124878, 0.9361184239387512]",1,"[0.055821001529693604, 0.9441789388656616]",1,"[0.07279916852712631, 0.9272007942199707]",1,"[0.030356965959072113, 0.9696430563926697]",1,"[0.0313909575343132, 0.968609094619751]",1,"[0.03163279965519905, 0.9683672189712524]"
Clone752.java,1,"[0.21513080596923828, 0.7848691940307617]",1,"[0.2142595499753952, 0.7857404947280884]",1,"[0.11167675256729126, 0.8883232474327087]",1,"[0.24861004948616028, 0.7513899803161621]",1,"[0.03172282874584198, 0.9682771563529968]",1,"[0.22071871161460876, 0.7792813181877136]",1,"[0.26066580414772034, 0.7393341660499573]"
Clone18.java,0,"[0.9992434978485107, 0.0007565742125734687]",0,"[0.9994000196456909, 0.0005999379209242761]",0,"[0.9997972846031189, 0.00020277476869523525]",0,"[0.9085805416107178, 0.09141939878463745]",0,"[0.9982975125312805, 0.001702485023997724]",0,"[0.9876775145530701, 0.012322502210736275]",0,"[0.9952474236488342, 0.004752614535391331]"
Clone343.java,0,"[0.7016962766647339, 0.2983037233352661]",0,"[0.9913129210472107, 0.008687053807079792]",0,"[0.9834709763526917, 0.016529077664017677]",1,"[0.030506236478686333, 0.9694938063621521]",0,"[0.9774224758148193, 0.022577567026019096]",1,"[0.02968469448387623, 0.9703153371810913]",1,"[0.029891595244407654, 0.9701083898544312]"
Clone271.java,0,"[0.8348842263221741, 0.16511574387550354]",0,"[0.7077062129974365, 0.2922937870025635]",0,"[0.8731970191001892, 0.1268029659986496]",0,"[0.9086443185806274, 0.09135562926530838]",0,"[0.6198205947875977, 0.38017940521240234]",0,"[0.9814526438713074, 0.018547359853982925]",0,"[0.948982298374176, 0.05101771280169487]"
Clone363.java,0,"[0.9995890259742737, 0.00041098191286437213]",0,"[0.9991200566291809, 0.0008799876668490469]",0,"[0.9990946054458618, 0.0009054073016159236]",0,"[0.9982995390892029, 0.0017005233094096184]",0,"[0.9993383288383484, 0.0006616756436415017]",0,"[0.999214768409729, 0.0007852014969103038]",0,"[0.9993568062782288, 0.0006431814981624484]"
Clone660.java,1,"[0.03899065777659416, 0.9610093235969543]",1,"[0.03681478649377823, 0.96318519115448]",1,"[0.04520231485366821, 0.9547976851463318]",1,"[0.04173414409160614, 0.9582659006118774]",1,"[0.04718632251024246, 0.9528136849403381]",1,"[0.03829751908779144, 0.9617025256156921]",1,"[0.043412208557128906, 0.9565877914428711]"
Clone573.java,0,"[0.9985424280166626, 0.0014575591776520014]",0,"[0.9990811347961426, 0.0009188310941681266]",0,"[0.999438464641571, 0.0005615440895780921]",1,"[0.044990818947553635, 0.9550092220306396]",1,"[0.27189940214157104, 0.7281005382537842]",1,"[0.06216394901275635, 0.9378361105918884]",1,"[0.06964189559221268, 0.9303580522537231]"
Clone39.java,1,"[0.026341140270233154, 0.9736589193344116]",1,"[0.027655981481075287, 0.9723439812660217]",1,"[0.027858316898345947, 0.9721417427062988]",1,"[0.025987152010202408, 0.9740128517150879]",1,"[0.026586271822452545, 0.9734137654304504]",1,"[0.026377523317933083, 0.9736225008964539]",1,"[0.026243185624480247, 0.9737567901611328]"
Clone732.java,1,"[0.0029010591097176075, 0.9970989227294922]",1,"[0.00241276272572577, 0.9975872039794922]",0,"[0.7101539969444275, 0.2898460030555725]",0,"[0.999575674533844, 0.00042431792826391757]",1,"[0.01116983313113451, 0.9888301491737366]",0,"[0.7969701290130615, 0.2030298411846161]",1,"[0.0070898262783885, 0.9929102063179016]"
Clone19.java,0,"[0.9995366334915161, 0.0004633704083971679]",0,"[0.9994450211524963, 0.0005549335037358105]",0,"[0.9998053908348083, 0.00019468633399810642]",0,"[0.7825571894645691, 0.21744279563426971]",0,"[0.9985339641571045, 0.0014660003362223506]",0,"[0.9879053831100464, 0.012094561010599136]",0,"[0.9969011545181274, 0.003098835004493594]"
Clone712.java,1,"[0.028209920972585678, 0.9717901349067688]",1,"[0.02836216799914837, 0.9716378450393677]",1,"[0.029593659564852715, 0.9704063534736633]",1,"[0.0340244434773922, 0.9659755229949951]",1,"[0.04108310118317604, 0.9589169025421143]",1,"[0.02854156866669655, 0.9714584946632385]",1,"[0.029100965708494186, 0.9708989858627319]"
Clone529.java,0,"[0.9994657635688782, 0.000534217047970742]",0,"[0.9989272952079773, 0.0010727272601798177]",0,"[0.998155415058136, 0.0018445185851305723]",1,"[0.17441928386688232, 0.8255806565284729]",0,"[0.9986887574195862, 0.0013112357119098306]",0,"[0.998571515083313, 0.0014284414937719703]",0,"[0.9978736639022827, 0.002126275794580579]"
Clone196.java,0,"[0.9989638328552246, 0.001036145375110209]",0,"[0.9979227185249329, 0.0020772891584783792]",0,"[0.9529600143432617, 0.04703999310731888]",0,"[0.9995707869529724, 0.0004292115045245737]",1,"[0.03842606395483017, 0.9615739583969116]",0,"[0.9995777010917664, 0.00042231340194121003]",0,"[0.9994534850120544, 0.0005464641726575792]"
Clone895.java,1,"[0.034483909606933594, 0.9655161499977112]",1,"[0.03616613149642944, 0.9638339281082153]",1,"[0.030822191387414932, 0.969177782535553]",1,"[0.059194739907979965, 0.9408052563667297]",1,"[0.029409555718302727, 0.9705904126167297]",1,"[0.034267935901880264, 0.9657320976257324]",1,"[0.035097017884254456, 0.9649029970169067]"
Clone138.java,1,"[0.032489776611328125, 0.9675102233886719]",1,"[0.03269064798951149, 0.967309296131134]",1,"[0.03680187091231346, 0.9631981253623962]",1,"[0.04094656556844711, 0.9590533971786499]",1,"[0.037241190671920776, 0.9627587795257568]",1,"[0.030029790475964546, 0.9699702262878418]",1,"[0.03508846089243889, 0.9649115204811096]"
Clone23.java,1,"[0.08516789972782135, 0.9148321151733398]",1,"[0.06906231492757797, 0.9309377074241638]",1,"[0.06695768237113953, 0.9330422878265381]",1,"[0.03367689996957779, 0.9663230776786804]",1,"[0.0658743754029274, 0.9341256618499756]",1,"[0.06483791023492813, 0.9351621270179749]",1,"[0.10910139977931976, 0.8908986449241638]"
Clone401.java,0,"[0.6240038871765137, 0.37599608302116394]",1,"[0.009365919046103954, 0.9906340837478638]",0,"[0.9763190150260925, 0.023681042715907097]",0,"[0.9003548622131348, 0.09964513033628464]",1,"[0.05798538029193878, 0.9420145750045776]",0,"[0.9212097525596619, 0.07879024744033813]",0,"[0.967096209526062, 0.03290382772684097]"
Clone944.java,0,"[0.9967247843742371, 0.0032752312254160643]",0,"[0.9967592358589172, 0.003240737831220031]",0,"[0.9974270462989807, 0.002572895959019661]",0,"[0.6682754755020142, 0.33172452449798584]",0,"[0.9985775947570801, 0.0014224626356735826]",1,"[0.4759042263031006, 0.5240957736968994]",1,"[0.3044661581516266, 0.695533812046051]"
Clone711.java,1,"[0.027623280882835388, 0.9723766446113586]",1,"[0.028466319665312767, 0.9715335965156555]",1,"[0.026208870112895966, 0.9737911820411682]",1,"[0.03803882375359535, 0.9619611501693726]",1,"[0.028544576838612556, 0.971455454826355]",1,"[0.02616526558995247, 0.9738348126411438]",1,"[0.03934023156762123, 0.9606598019599915]"
Clone746.java,1,"[0.12126074731349945, 0.8787392377853394]",1,"[0.10248301178216934, 0.8975169658660889]",1,"[0.09133749455213547, 0.9086625576019287]",1,"[0.07644885033369064, 0.9235512018203735]",1,"[0.12151879817247391, 0.8784812092781067]",1,"[0.07290591299533844, 0.9270941019058228]",1,"[0.06472610682249069, 0.9352738857269287]"
Clone896.java,1,"[0.35501572489738464, 0.6449843049049377]",1,"[0.31134727597236633, 0.688652753829956]",1,"[0.20663219690322876, 0.7933678030967712]",1,"[0.23499679565429688, 0.7650032043457031]",1,"[0.07496292144060135, 0.9250370860099792]",1,"[0.11650208383798599, 0.883497953414917]",1,"[0.1365472823381424, 0.8634527325630188]"
Clone707.java,1,"[0.0525272898375988, 0.9474727511405945]",1,"[0.052882883697748184, 0.9471171498298645]",1,"[0.04167959839105606, 0.9583204388618469]",1,"[0.03602487966418266, 0.9639751315116882]",1,"[0.03430129960179329, 0.9656986594200134]",1,"[0.035937368869781494, 0.9640626311302185]",1,"[0.03652484714984894, 0.9634751081466675]"
Clone793.java,1,"[0.03136688843369484, 0.9686331152915955]",1,"[0.033131759613752365, 0.9668682813644409]",1,"[0.03261049836874008, 0.9673895239830017]",1,"[0.03339065611362457, 0.9666093587875366]",1,"[0.03166419640183449, 0.9683358073234558]",1,"[0.030579010024666786, 0.9694209694862366]",1,"[0.03180086985230446, 0.9681991338729858]"
Clone20.java,0,"[0.9215005040168762, 0.07849951833486557]",1,"[0.30494681000709534, 0.6950531601905823]",1,"[0.22913601994514465, 0.770863950252533]",1,"[0.4088152050971985, 0.5911847949028015]",1,"[0.05478520691394806, 0.9452147483825684]",1,"[0.31774961948394775, 0.682250440120697]",0,"[0.7146574854850769, 0.2853425145149231]"
Clone506.java,0,"[0.9978212118148804, 0.0021788233425468206]",0,"[0.9983654618263245, 0.0016345412004739046]",0,"[0.976469099521637, 0.023530900478363037]",0,"[0.9969480633735657, 0.003052000654861331]",1,"[0.05211479961872101, 0.9478852152824402]",0,"[0.9963548183441162, 0.003645143238827586]",0,"[0.9979538917541504, 0.002046056790277362]"
Clone822.java,0,"[0.9994112253189087, 0.000588777125813067]",0,"[0.9993991851806641, 0.000600815808866173]",0,"[0.9994081258773804, 0.0005918546812608838]",0,"[0.8772150874137878, 0.12278487533330917]",0,"[0.9980447292327881, 0.0019552826415747404]",0,"[0.6374502182006836, 0.3625498414039612]",0,"[0.9544663429260254, 0.04553363099694252]"
Clone16.java,1,"[0.0020187010522931814, 0.9979813694953918]",1,"[0.0007357698050327599, 0.9992641806602478]",1,"[0.0015363064594566822, 0.9984637498855591]",0,"[0.9685303568840027, 0.03146963566541672]",1,"[0.007503447588533163, 0.9924966096878052]",0,"[0.6817341446876526, 0.3182658553123474]",0,"[0.859161913394928, 0.14083804190158844]"
Clone463.java,1,"[0.4490409791469574, 0.5509589314460754]",0,"[0.8912249803543091, 0.10877499729394913]",1,"[0.1784905642271042, 0.8215094804763794]",1,"[0.036974161863327026, 0.9630258679389954]",1,"[0.12437887489795685, 0.8756211400032043]",0,"[0.6379656791687012, 0.36203429102897644]",1,"[0.33709651231765747, 0.6629034876823425]"
Clone926.java,1,"[0.03161289915442467, 0.9683871269226074]",1,"[0.04559699445962906, 0.9544030427932739]",1,"[0.061961155384778976, 0.9380388259887695]",1,"[0.0300852432847023, 0.9699147343635559]",0,"[0.9261108040809631, 0.07388916611671448]",1,"[0.03085293434560299, 0.9691471457481384]",1,"[0.034426163882017136, 0.9655738472938538]"
Clone530.java,0,"[0.999462902545929, 0.0005371202132664621]",0,"[0.9989223480224609, 0.0010776981944218278]",0,"[0.9981305003166199, 0.0018694985192269087]",1,"[0.2292744368314743, 0.7707255482673645]",0,"[0.99869304895401, 0.0013069253182038665]",0,"[0.9980446100234985, 0.0019553531892597675]",0,"[0.9976561069488525, 0.0023438145872205496]"
Clone459.java,1,"[0.03545570746064186, 0.9645442962646484]",1,"[0.0359463132917881, 0.9640536904335022]",1,"[0.03334716707468033, 0.9666528105735779]",1,"[0.04914874956011772, 0.950851321220398]",1,"[0.075737364590168, 0.9242626428604126]",1,"[0.029352689161896706, 0.9706473350524902]",1,"[0.03625001385807991, 0.9637500047683716]"
Clone399.java,0,"[0.9893057346343994, 0.01069424208253622]",1,"[0.06985767185688019, 0.930142343044281]",0,"[0.983304500579834, 0.01669546216726303]",0,"[0.772388219833374, 0.2276117503643036]",0,"[0.9795700907707214, 0.020429909229278564]",0,"[0.9220656752586365, 0.07793433219194412]",0,"[0.9995582699775696, 0.0004417430027388036]"
Clone819.java,1,"[0.04584997892379761, 0.9541499614715576]",1,"[0.03484868258237839, 0.965151309967041]",1,"[0.02796087972819805, 0.9720391035079956]",1,"[0.026755869388580322, 0.9732441306114197]",1,"[0.11996721476316452, 0.8800327777862549]",1,"[0.0337231419980526, 0.9662768840789795]",1,"[0.030467700213193893, 0.969532310962677]"
Clone589.java,0,"[0.99965500831604, 0.00034500067704357207]",0,"[0.9999769926071167, 2.306472379132174e-05]",0,"[0.9999780654907227, 2.1961761376587674e-05]",1,"[0.07219377160072327, 0.9278062582015991]",0,"[0.999925971031189, 7.407793600577861e-05]",0,"[0.5342047214508057, 0.4657953381538391]",0,"[0.877959132194519, 0.12204091995954514]"
Clone136.java,0,"[0.9996638298034668, 0.00033620806061662734]",0,"[0.9993932247161865, 0.0006067863432690501]",0,"[0.9996960163116455, 0.0003039689618162811]",1,"[0.08828105032444, 0.9117189049720764]",0,"[0.9998972415924072, 0.00010269216727465391]",0,"[0.9815117716789246, 0.01848825439810753]",0,"[0.9584524631500244, 0.041547492146492004]"
Clone198.java,0,"[0.9983892440795898, 0.001610777573660016]",0,"[0.9989272952079773, 0.0010727134067565203]",0,"[0.9995785355567932, 0.0004214670043438673]",0,"[0.9997424483299255, 0.0002575969265308231]",0,"[0.9003100395202637, 0.09968995302915573]",0,"[0.9996726512908936, 0.000327331421431154]",0,"[0.9997344613075256, 0.00026552125927992165]"
Clone823.java,0,"[0.9994112253189087, 0.000588777125813067]",0,"[0.9994140863418579, 0.0005858885706402361]",0,"[0.9993694424629211, 0.0006305261049419641]",0,"[0.6962332725524902, 0.3037666976451874]",0,"[0.9980447292327881, 0.0019552826415747404]",0,"[0.6956315636634827, 0.30436843633651733]",0,"[0.9922326803207397, 0.00776728056371212]"
Clone911.java,0,"[0.9435064196586609, 0.056493621319532394]",0,"[0.9769318699836731, 0.023068100214004517]",0,"[0.9786721467971802, 0.021327832713723183]",0,"[0.996815025806427, 0.003185042878612876]",0,"[0.9085668921470642, 0.09143315255641937]",0,"[0.9765052795410156, 0.023494740948081017]",0,"[0.990157425403595, 0.00984256248921156]"
Clone291.java,0,"[0.9995300769805908, 0.0004699442652054131]",0,"[0.9996138215065002, 0.00038624179433099926]",0,"[0.9988890290260315, 0.0011110409395769238]",0,"[0.9992917776107788, 0.0007081502699293196]",0,"[0.9981649518013, 0.001835050992667675]",0,"[0.9972407817840576, 0.0027592056430876255]",0,"[0.9992908239364624, 0.0007091427105478942]"
Clone803.java,1,"[0.028247978538274765, 0.9717520475387573]",1,"[0.028525812551379204, 0.9714742302894592]",1,"[0.030155887827277184, 0.9698440432548523]",1,"[0.027497613802552223, 0.9725023508071899]",1,"[0.026698216795921326, 0.9733018279075623]",1,"[0.02827898971736431, 0.9717209935188293]",1,"[0.02798776514828205, 0.9720122814178467]"
Clone0.java,0,"[0.9984955787658691, 0.0015044573228806257]",0,"[0.9984446167945862, 0.001555463531985879]",0,"[0.9983443021774292, 0.0016556838527321815]",0,"[0.9978113770484924, 0.0021886711474508047]",1,"[0.4891800582408905, 0.5108199119567871]",0,"[0.9963220357894897, 0.003677956759929657]",0,"[0.9972363114356995, 0.002763673895969987]"
Clone815.java,1,"[0.08280759304761887, 0.9171923995018005]",1,"[0.05969282612204552, 0.9403071403503418]",1,"[0.030131815001368523, 0.9698681831359863]",1,"[0.027962511405348778, 0.9720374941825867]",1,"[0.028103401884436607, 0.9718966484069824]",1,"[0.05342860147356987, 0.9465714693069458]",1,"[0.03186366334557533, 0.9681363105773926]"
Clone182.java,1,"[0.06352988630533218, 0.936470091342926]",1,"[0.1800968199968338, 0.8199031352996826]",1,"[0.1379384994506836, 0.8620614409446716]",1,"[0.02819611132144928, 0.9718038439750671]",0,"[0.6070236563682556, 0.3929763436317444]",1,"[0.027805907651782036, 0.9721941351890564]",1,"[0.031008895486593246, 0.9689910411834717]"
Clone127.java,1,"[0.02681843936443329, 0.9731815457344055]",1,"[0.027332225814461708, 0.9726678133010864]",1,"[0.02707703970372677, 0.9729229807853699]",1,"[0.026210086420178413, 0.9737899303436279]",1,"[0.02674381248652935, 0.9732561707496643]",1,"[0.0274371188133955, 0.9725629091262817]",1,"[0.02658972516655922, 0.9734102487564087]"
Clone131.java,1,"[0.25514698028564453, 0.7448530197143555]",0,"[0.9891039133071899, 0.010896127671003342]",0,"[0.9908928871154785, 0.009107107296586037]",1,"[0.030228829011321068, 0.9697712063789368]",0,"[0.9976198077201843, 0.0023801643401384354]",1,"[0.03750093653798103, 0.9624990820884705]",1,"[0.0497274287045002, 0.9502725601196289]"
Clone561.java,0,"[0.9994111061096191, 0.0005888649611733854]",0,"[0.9992992877960205, 0.0007006520172581077]",0,"[0.9993271827697754, 0.0006728842854499817]",1,"[0.05291856452822685, 0.947081446647644]",0,"[0.9992863535881042, 0.000713698158506304]",1,"[0.18126970529556274, 0.8187302947044373]",0,"[0.8573108315467834, 0.14268918335437775]"
Clone633.java,0,"[0.9994125366210938, 0.0005874937050975859]",0,"[0.9993361830711365, 0.0006637652986682951]",0,"[0.9993247985839844, 0.0006752457702532411]",1,"[0.04513213038444519, 0.9548678994178772]",0,"[0.9990133047103882, 0.000986658502370119]",0,"[0.8869590163230896, 0.11304101347923279]",0,"[0.9989604949951172, 0.001039436785504222]"
Clone469.java,1,"[0.039122939109802246, 0.9608771204948425]",1,"[0.08414757251739502, 0.9158523678779602]",1,"[0.2649167776107788, 0.7350832223892212]",1,"[0.055939845740795135, 0.9440601468086243]",1,"[0.047894373536109924, 0.9521055817604065]",1,"[0.26127514243125916, 0.7387248873710632]",1,"[0.2123836874961853, 0.7876162528991699]"
Clone869.java,0,"[0.9802185297012329, 0.01978151686489582]",1,"[0.09913154691457748, 0.9008684754371643]",0,"[0.9554380178451538, 0.04456205666065216]",1,"[0.028987448662519455, 0.9710125923156738]",0,"[0.9950542449951172, 0.004945687483996153]",1,"[0.03157240152359009, 0.9684275984764099]",1,"[0.03233567252755165, 0.9676642417907715]"
Clone701.java,1,"[0.02814839594066143, 0.9718515872955322]",1,"[0.027261676266789436, 0.9727382659912109]",1,"[0.02758430317044258, 0.9724156856536865]",1,"[0.03151189535856247, 0.9684880971908569]",1,"[0.03507370501756668, 0.9649263024330139]",1,"[0.028492631390690804, 0.9715074300765991]",1,"[0.027646219357848167, 0.9723538160324097]"
Clone687.java,1,"[0.030864916741847992, 0.969135046005249]",1,"[0.030196137726306915, 0.9698039293289185]",1,"[0.03160061314702034, 0.9683994054794312]",1,"[0.0316496342420578, 0.968350350856781]",1,"[0.03249913826584816, 0.9675008654594421]",1,"[0.030333129689097404, 0.9696669578552246]",1,"[0.03313064202666283, 0.9668693542480469]"
Clone557.java,0,"[0.9963768124580383, 0.0036232240963727236]",0,"[0.9988705515861511, 0.001129382522776723]",0,"[0.9981853365898132, 0.0018145862268283963]",1,"[0.07344384491443634, 0.9265561699867249]",0,"[0.9996881484985352, 0.0003119198081549257]",1,"[0.13551421463489532, 0.8644858002662659]",1,"[0.2210351675748825, 0.7789648175239563]"
Clone941.java,1,"[0.027839194983243942, 0.9721607565879822]",1,"[0.028085513040423393, 0.971914529800415]",1,"[0.02831023558974266, 0.9716897010803223]",1,"[0.027919229120016098, 0.9720807671546936]",1,"[0.027585448697209358, 0.9724145531654358]",1,"[0.027768075466156006, 0.9722319841384888]",1,"[0.027252286672592163, 0.9727477431297302]"
Clone916.java,1,"[0.224680557847023, 0.7753193974494934]",0,"[0.7250688672065735, 0.2749311625957489]",0,"[0.7384575009346008, 0.2615424394607544]",0,"[0.8555100560188293, 0.14448994398117065]",1,"[0.0244955662637949, 0.9755043983459473]",1,"[0.028748877346515656, 0.9712511897087097]",1,"[0.15720896422863007, 0.8427910804748535]"
Clone852.java,0,"[0.9999804496765137, 1.9573932149796747e-05]",0,"[0.999976634979248, 2.3374039301415905e-05]",0,"[0.9999659061431885, 3.4055170544888824e-05]",0,"[0.9933176040649414, 0.0066823274828493595]",0,"[0.999937891960144, 6.210247374838218e-05]",0,"[0.9999580383300781, 4.190686377114616e-05]",0,"[0.9999829530715942, 1.70277835422894e-05]"
Clone917.java,1,"[0.013255538418889046, 0.9867444634437561]",1,"[0.014186590909957886, 0.9858134388923645]",1,"[0.015490093268454075, 0.9845098853111267]",1,"[0.0020204191096127033, 0.9979795813560486]",0,"[0.7799867987632751, 0.22001321613788605]",1,"[0.028172435238957405, 0.9718276262283325]",1,"[0.017116857692599297, 0.9828831553459167]"
Clone556.java,1,"[0.09511218219995499, 0.904887855052948]",1,"[0.0640760287642479, 0.9359239935874939]",1,"[0.09066502004861832, 0.9093350172042847]",1,"[0.12634529173374176, 0.8736547231674194]",1,"[0.06297843158245087, 0.9370216131210327]",1,"[0.10108315199613571, 0.8989167809486389]",1,"[0.12195198237895966, 0.8780480027198792]"
Clone940.java,1,"[0.03524148836731911, 0.9647585153579712]",1,"[0.032747283577919006, 0.967252790927887]",1,"[0.032151758670806885, 0.9678482413291931]",1,"[0.03119676560163498, 0.9688032865524292]",1,"[0.10327531397342682, 0.8967246413230896]",1,"[0.030034435912966728, 0.9699655175209045]",1,"[0.03373832255601883, 0.966261625289917]"
Clone813.java,1,"[0.04244612902402878, 0.9575539231300354]",1,"[0.04241589084267616, 0.9575840830802917]",1,"[0.055406130850315094, 0.9445939064025879]",1,"[0.03526097908616066, 0.9647389650344849]",1,"[0.033846430480480194, 0.9661535620689392]",1,"[0.04795503243803978, 0.9520449638366699]",1,"[0.046788208186626434, 0.953211784362793]"
Clone645.java,0,"[0.9960250854492188, 0.003974851220846176]",0,"[0.8883658647537231, 0.11163410544395447]",0,"[0.8956209421157837, 0.1043790802359581]",0,"[0.9984669089317322, 0.001533045433461666]",0,"[0.9994335770606995, 0.0005663509946316481]",0,"[0.9920720458030701, 0.007927943952381611]",0,"[0.9978985786437988, 0.0021014141384512186]"
Clone887.java,1,"[0.03940727934241295, 0.9605926871299744]",1,"[0.03729008510708809, 0.9627099633216858]",1,"[0.03570229560136795, 0.9642977118492126]",1,"[0.028140349313616753, 0.9718596935272217]",1,"[0.028770752251148224, 0.9712292551994324]",1,"[0.037124309688806534, 0.9628757238388062]",1,"[0.03343519940972328, 0.9665647745132446]"
Clone868.java,0,"[0.9931825995445251, 0.006817384622991085]",0,"[0.5173148512840271, 0.4826852083206177]",1,"[0.2662546634674072, 0.7337453365325928]",1,"[0.04017188772559166, 0.9598281383514404]",0,"[0.9996498823165894, 0.00035014821332879364]",1,"[0.041025564074516296, 0.9589744806289673]",1,"[0.044067613780498505, 0.9559323787689209]"
Clone612.java,0,"[0.999792754650116, 0.00020728337403852493]",0,"[0.999946117401123, 5.387712735682726e-05]",0,"[0.9999635219573975, 3.6417710362002254e-05]",1,"[0.24380743503570557, 0.7561925649642944]",0,"[0.9927109479904175, 0.0072891125455498695]",0,"[0.9955464601516724, 0.004453571513295174]",0,"[0.9998782873153687, 0.00012166897067800164]"
Clone307.java,0,"[0.9881576895713806, 0.011842256411910057]",0,"[0.9751833081245422, 0.02481667324900627]",0,"[0.9641985297203064, 0.035801470279693604]",1,"[0.12455281615257263, 0.875447154045105]",0,"[0.9987285733222961, 0.001271468703635037]",0,"[0.9992127418518066, 0.0007872123387642205]",0,"[0.98563551902771, 0.014364502392709255]"
Clone468.java,0,"[0.5998302102088928, 0.4001697897911072]",1,"[0.08325628191232681, 0.9167436957359314]",1,"[0.028606414794921875, 0.9713935852050781]",1,"[0.044531431049108505, 0.9554685950279236]",1,"[0.17536282539367676, 0.824637234210968]",1,"[0.046815693378448486, 0.9531843066215515]",1,"[0.043898072093725204, 0.9561019539833069]"
Clone192.java,1,"[0.06280016154050827, 0.9371998906135559]",1,"[0.049866266548633575, 0.950133740901947]",1,"[0.055698975920677185, 0.9443009495735168]",1,"[0.030006272718310356, 0.9699937701225281]",1,"[0.05050196871161461, 0.9494979977607727]",1,"[0.03792580962181091, 0.9620742201805115]",1,"[0.04361141845583916, 0.9563886523246765]"
Clone370.java,1,"[0.03165483847260475, 0.9683452248573303]",1,"[0.03161460533738136, 0.9683853387832642]",1,"[0.029035093262791634, 0.9709649682044983]",1,"[0.029973123222589493, 0.9700268507003784]",1,"[0.03728551045060158, 0.9627144932746887]",1,"[0.03184227645397186, 0.9681576490402222]",1,"[0.029497545212507248, 0.970502495765686]"
Clone632.java,1,"[0.053743619471788406, 0.9462563395500183]",1,"[0.0447392500936985, 0.9552607536315918]",1,"[0.03812576085329056, 0.96187424659729]",1,"[0.049467381089925766, 0.9505326151847839]",1,"[0.031033461913466454, 0.968966543674469]",1,"[0.04931791499257088, 0.9506821036338806]",1,"[0.041896045207977295, 0.9581038951873779]"
Clone537.java,0,"[0.8486968278884888, 0.15130312740802765]",0,"[0.8967541456222534, 0.1032458171248436]",0,"[0.9928521513938904, 0.007147826254367828]",1,"[0.027981961145997047, 0.9720180630683899]",1,"[0.03370736911892891, 0.966292679309845]",1,"[0.03429291397333145, 0.9657071232795715]",1,"[0.04399924725294113, 0.9560006856918335]"
Clone608.java,0,"[0.8219433426856995, 0.17805668711662292]",1,"[0.16579759120941162, 0.8342023491859436]",1,"[0.0718139261007309, 0.9281860589981079]",1,"[0.028141671791672707, 0.9718583226203918]",0,"[0.9995211362838745, 0.0004789047525264323]",1,"[0.02933584898710251, 0.9706642031669617]",1,"[0.030086835846304893, 0.969913125038147]"
